metric_name,period,report_type,stock_code,value,yoy
货币资金,2026-03-31,fzb,002837,917139183.430000,0.24044
交易性金融资产,2026-03-31,fzb,002837,63017111.120000,
应收票据及应收账款,2026-03-31,fzb,002837,3099002403.900000,0.3232
应收票据,2026-03-31,fzb,002837,38114632.890000,-0.57899
应收账款,2026-03-31,fzb,002837,3060887771.010000,0.35948
应收款项融资,2026-03-31,fzb,002837,325648993.140000,0.10478
预付款项,2026-03-31,fzb,002837,33616858.310000,1.17194
其他应收款(合计),2026-03-31,fzb,002837,44581655.490000,-0.46668
存货,2026-03-31,fzb,002837,1181981088.850000,0.04137
一年内到期的非流动资产,2026-03-31,fzb,002837,4825660.870000,-0.26678
其他流动资产,2026-03-31,fzb,002837,162858133.780000,0.31504
流动资产合计,2026-03-31,fzb,002837,6059752726.520000,0.23906
在建工程合计,2026-03-31,fzb,002837,322483846.240000,0.78493
固定资产及清理合计,2026-03-31,fzb,002837,816672593.190000,0.2741
合同资产,2026-03-31,fzb,002837,227081637.630000,0.51478
使用权资产,2026-03-31,fzb,002837,107615709.740000,0.15166
无形资产,2026-03-31,fzb,002837,146871665.800000,0.17202
商誉,2026-03-31,fzb,002837,59968413.610000,-0.46075
长期待摊费用,2026-03-31,fzb,002837,24331961.920000,0.06362
递延所得税资产,2026-03-31,fzb,002837,164666643.220000,0.8212
其他非流动资产,2026-03-31,fzb,002837,59399662.410000,-0.00188
非流动资产合计,2026-03-31,fzb,002837,1702010496.130000,0.2851
资产总计,2026-03-31,fzb,002837,7761763222.650000,0.24887
短期借款,2026-03-31,fzb,002837,939000000.000000,0.7261
应付票据及应付账款,2026-03-31,fzb,002837,1798743336.410000,0.12925
应付票据,2026-03-31,fzb,002837,478903475.250000,0.05725
应付账款,2026-03-31,fzb,002837,1319839861.160000,0.15787
合同负债,2026-03-31,fzb,002837,285640588.560000,-0.22061
应付职工薪酬,2026-03-31,fzb,002837,69990344.710000,0.22644
应交税费,2026-03-31,fzb,002837,238887759.620000,7.73113
应付利息,2026-03-31,fzb,002837,158697.530000,0.12557
其他应付款合计,2026-03-31,fzb,002837,73515946.090000,0.79075
一年内到期的非流动负债,2026-03-31,fzb,002837,246338651.340000,4.11352
其他流动负债,2026-03-31,fzb,002837,106101254.260000,0.11316
流动负债合计,2026-03-31,fzb,002837,3758217880.990000,0.35562
长期借款,2026-03-31,fzb,002837,351026719.140000,0.08718
租赁负债,2026-03-31,fzb,002837,78909142.620000,0.44076
预计非流动负债,2026-03-31,fzb,002837,61713310.650000,0.30647
长期递延收益,2026-03-31,fzb,002837,19786027.900000,0.06007
递延所得税负债,2026-03-31,fzb,002837,7735947.580000,-0.66855
非流动负债合计,2026-03-31,fzb,002837,519171147.890000,0.11198
负债合计,2026-03-31,fzb,002837,4277389028.880000,0.3205
实收资本(或股本),2026-03-31,fzb,002837,977440581.000000,0.31294
资本公积,2026-03-31,fzb,002837,500104714.300000,-0.13091
其他综合收益,2026-03-31,fzb,002837,663274.470000,-0.68155
盈余公积,2026-03-31,fzb,002837,197702559.520000,0.26834
未分配利润,2026-03-31,fzb,002837,1785869135.960000,0.19523
归属于母公司股东权益合计,2026-03-31,fzb,002837,3461780265.250000,0.16479
少数股东权益,2026-03-31,fzb,002837,22593928.520000,4.95089
所有者权益(或股东权益)合计,2026-03-31,fzb,002837,3484374193.770000,0.1709
负债和所有者权益(或股东权益)总计,2026-03-31,fzb,002837,7761763222.650000,0.24887
货币资金,2025-12-31,fzb,002837,1236773517.300000,0.69843
交易性金融资产,2025-12-31,fzb,002837,30539916.680000,0.01081
应收票据及应收账款,2025-12-31,fzb,002837,3124924764.970000,0.26413
应收票据,2025-12-31,fzb,002837,70965217.320000,0.62822
应收账款,2025-12-31,fzb,002837,3053959547.650000,0.2576
应收款项融资,2025-12-31,fzb,002837,358126858.430000,0.02187
预付款项,2025-12-31,fzb,002837,22968682.200000,0.4705
其他应收款,2025-12-31,fzb,002837,50651385.260000,-0.39347
其他应收款(合计),2025-12-31,fzb,002837,50651385.260000,-0.39347
存货,2025-12-31,fzb,002837,983397026.130000,0.11199
一年内到期的非流动资产,2025-12-31,fzb,002837,5641795.250000,-0.13723
其他流动资产,2025-12-31,fzb,002837,105412856.900000,0.05301
流动资产合计,2025-12-31,fzb,002837,6147533385.410000,0.2803
固定资产原值,2025-12-31,fzb,002837,976105526.580000,0.2831
累计折旧,2025-12-31,fzb,002837,183937228.060000,0.36925
固定资产净值,2025-12-31,fzb,002837,792168298.520000,0.26463
在建工程合计,2025-12-31,fzb,002837,268132326.740000,0.63252
在建工程,2025-12-31,fzb,002837,268132326.740000,0.63252
固定资产净额,2025-12-31,fzb,002837,792168298.520000,0.26463
固定资产及清理合计,2025-12-31,fzb,002837,792168298.520000,0.26463
合同资产,2025-12-31,fzb,002837,229096582.290000,0.75372
使用权资产,2025-12-31,fzb,002837,121957669.270000,1.64707
无形资产,2025-12-31,fzb,002837,147998326.550000,0.17199
商誉,2025-12-31,fzb,002837,59968413.610000,-0.46075
长期待摊费用,2025-12-31,fzb,002837,24564921.990000,0.22882
递延所得税资产,2025-12-31,fzb,002837,137864624.070000,0.87457
其他非流动资产,2025-12-31,fzb,002837,47067697.500000,0.04475
非流动资产合计,2025-12-31,fzb,002837,1599722278.250000,0.31904
资产总计,2025-12-31,fzb,002837,7747255663.660000,0.28811
短期借款,2025-12-31,fzb,002837,736000000.000000,1.35897
应付票据及应付账款,2025-12-31,fzb,002837,2001499104.790000,0.10898
应付票据,2025-12-31,fzb,002837,513614755.800000,0.06011
应付账款,2025-12-31,fzb,002837,1487884348.990000,0.12691
合同负债,2025-12-31,fzb,002837,230686085.970000,0.00593
应付职工薪酬,2025-12-31,fzb,002837,158715992.320000,0.18707
应交税费,2025-12-31,fzb,002837,245949132.690000,4.26011
应付利息,2025-12-31,fzb,002837,135294.300000,1.21517
其他应付款,2025-12-31,fzb,002837,85403489.500000,0.7049
其他应付款合计,2025-12-31,fzb,002837,85538783.800000,0.70552
一年内到期的非流动负债,2025-12-31,fzb,002837,247292816.490000,7.19655
其他流动负债,2025-12-31,fzb,002837,79233988.900000,-0.19904
流动负债合计,2025-12-31,fzb,002837,3784915904.960000,0.39879
长期借款,2025-12-31,fzb,002837,320547383.260000,0.09898
租赁负债,2025-12-31,fzb,002837,92621508.360000,2.84411
预计非流动负债,2025-12-31,fzb,002837,58521031.590000,0.30433
长期递延收益,2025-12-31,fzb,002837,20366071.570000,0.04186
递延所得税负债,2025-12-31,fzb,002837,7552286.430000,-0.49855
非流动负债合计,2025-12-31,fzb,002837,499608281.210000,0.26404
负债合计,2025-12-31,fzb,002837,4284524186.170000,0.38162
实收资本(或股本),2025-12-31,fzb,002837,977050929.000000,0.31261
资本公积,2025-12-31,fzb,002837,491808344.350000,-0.13303
其他综合收益,2025-12-31,fzb,002837,1867642.230000,-0.1646
盈余公积,2025-12-31,fzb,002837,197702559.520000,0.26834
未分配利润,2025-12-31,fzb,002837,1777211533.690000,0.22892
归属于母公司股东权益合计,2025-12-31,fzb,002837,3445641008.790000,0.18168
少数股东权益,2025-12-31,fzb,002837,17090468.700000,7.63775
所有者权益(或股东权益)合计,2025-12-31,fzb,002837,3462731477.490000,0.18859
负债和所有者权益(或股东权益)总计,2025-12-31,fzb,002837,7747255663.660000,0.28811
货币资金,2025-09-30,fzb,002837,808048269.880000,-0.05751
交易性金融资产,2025-09-30,fzb,002837,30405750.010000,0.0115
应收票据及应收账款,2025-09-30,fzb,002837,2708255584.790000,0.44864
应收票据,2025-09-30,fzb,002837,129715971.030000,1.76463
应收账款,2025-09-30,fzb,002837,2578539613.760000,0.41476
应收款项融资,2025-09-30,fzb,002837,379093934.280000,0.12628
预付款项,2025-09-30,fzb,002837,25528053.160000,-0.55055
其他应收款(合计),2025-09-30,fzb,002837,99552518.440000,-0.10672
存货,2025-09-30,fzb,002837,1232103430.490000,0.37497
一年内到期的非流动资产,2025-09-30,fzb,002837,6666127.960000,0.17804
其他流动资产,2025-09-30,fzb,002837,138261584.030000,0.42446
流动资产合计,2025-09-30,fzb,002837,5638201979.070000,0.28554
在建工程合计,2025-09-30,fzb,002837,267493759.390000,0.63476
固定资产及清理合计,2025-09-30,fzb,002837,705726245.800000,0.2255
合同资产,2025-09-30,fzb,002837,210286726.030000,0.67847
使用权资产,2025-09-30,fzb,002837,94215621.080000,0.71148
无形资产,2025-09-30,fzb,002837,148627486.550000,0.17261
商誉,2025-09-30,fzb,002837,111206679.850000,-0.29318
长期待摊费用,2025-09-30,fzb,002837,25114026.180000,0.46347
递延所得税资产,2025-09-30,fzb,002837,159393434.900000,1.47933
其他非流动资产,2025-09-30,fzb,002837,60912125.670000,0.58567
非流动资产合计,2025-09-30,fzb,002837,1572689379.420000,0.3092
资产总计,2025-09-30,fzb,002837,7210891358.490000,0.29063
短期借款,2025-09-30,fzb,002837,802000000.000000,0.93253
应付票据及应付账款,2025-09-30,fzb,002837,1671840198.010000,0.07292
应付票据,2025-09-30,fzb,002837,491021868.780000,0.01104
应付账款,2025-09-30,fzb,002837,1180818329.230000,0.10093
合同负债,2025-09-30,fzb,002837,326496891.720000,0.37906
应付职工薪酬,2025-09-30,fzb,002837,62975256.100000,0.20202
应交税费,2025-09-30,fzb,002837,189026677.500000,3.53744
应付利息,2025-09-30,fzb,002837,106806.050000,
其他应付款合计,2025-09-30,fzb,002837,49854363.650000,0.21233
一年内到期的非流动负债,2025-09-30,fzb,002837,99402366.030000,0.22715
其他流动负债,2025-09-30,fzb,002837,78936050.500000,0.1421
流动负债合计,2025-09-30,fzb,002837,3280531803.510000,0.3147
长期借款,2025-09-30,fzb,002837,446282250.800000,1.25454
租赁负债,2025-09-30,fzb,002837,59682922.240000,0.99438
预计非流动负债,2025-09-30,fzb,002837,57149837.110000,0.32038
长期递延收益,2025-09-30,fzb,002837,18972008.070000,-0.06944
递延所得税负债,2025-09-30,fzb,002837,24310711.320000,0.53976
非流动负债合计,2025-09-30,fzb,002837,606397729.540000,0.9731
负债合计,2025-09-30,fzb,002837,3886929533.050000,0.3869
实收资本(或股本),2025-09-30,fzb,002837,976555867.000000,0.31499
资本公积,2025-09-30,fzb,002837,482595965.080000,-0.11199
其他综合收益,2025-09-30,fzb,002837,1834887.100000,0.46955
盈余公积,2025-09-30,fzb,002837,155874963.760000,0.35694
未分配利润,2025-09-30,fzb,002837,1696194017.560000,0.22271
归属于母公司股东权益合计,2025-09-30,fzb,002837,3313055700.500000,0.18771
少数股东权益,2025-09-30,fzb,002837,10906124.940000,3.21167
所有者权益(或股东权益)合计,2025-09-30,fzb,002837,3323961825.440000,0.19373
负债和所有者权益(或股东权益)总计,2025-09-30,fzb,002837,7210891358.490000,0.29063
货币资金,2025-06-30,fzb,002837,691472984.200000,0.04835
交易性金融资产,2025-06-30,fzb,002837,30271583.340000,
应收票据及应收账款,2025-06-30,fzb,002837,2730662859.070000,0.58718
应收票据,2025-06-30,fzb,002837,102338757.080000,2.10204
应收账款,2025-06-30,fzb,002837,2628324101.990000,0.55756
应收款项融资,2025-06-30,fzb,002837,300904981.320000,-0.26852
预付款项,2025-06-30,fzb,002837,18662987.820000,0.33979
其他应收款,2025-06-30,fzb,002837,90468653.870000,-0.00245
其他应收款(合计),2025-06-30,fzb,002837,90468653.870000,-0.00245
存货,2025-06-30,fzb,002837,1239104847.350000,0.78931
一年内到期的非流动资产,2025-06-30,fzb,002837,6623806.990000,0.1784
其他流动资产,2025-06-30,fzb,002837,165217128.300000,0.92476
流动资产合计,2025-06-30,fzb,002837,5473616992.120000,0.44083
固定资产原值,2025-06-30,fzb,002837,829148647.980000,0.80164
累计折旧,2025-06-30,fzb,002837,157455567.260000,0.35419
固定资产净值,2025-06-30,fzb,002837,671693080.720000,0.95291
在建工程合计,2025-06-30,fzb,002837,224339173.170000,-0.27735
在建工程,2025-06-30,fzb,002837,224339173.170000,-0.27735
固定资产净额,2025-06-30,fzb,002837,671693080.720000,0.95291
固定资产及清理合计,2025-06-30,fzb,002837,671693080.720000,0.95291
合同资产,2025-06-30,fzb,002837,200227159.860000,0.68317
使用权资产,2025-06-30,fzb,002837,86375195.450000,0.66413
无形资产,2025-06-30,fzb,002837,125058242.100000,-0.01977
商誉,2025-06-30,fzb,002837,111206679.850000,-0.29318
长期待摊费用,2025-06-30,fzb,002837,22290116.290000,0.3864
递延所得税资产,2025-06-30,fzb,002837,95244026.050000,0.48176
其他非流动资产,2025-06-30,fzb,002837,65794634.350000,2.32439
非流动资产合计,2025-06-30,fzb,002837,1402001147.980000,0.28144
资产总计,2025-06-30,fzb,002837,6875618140.100000,0.40519
短期借款,2025-06-30,fzb,002837,772000000.000000,0.8381
应付票据及应付账款,2025-06-30,fzb,002837,1802870634.150000,0.49762
应付票据,2025-06-30,fzb,002837,398804601.140000,0.09268
应付账款,2025-06-30,fzb,002837,1404066033.010000,0.67382
合同负债,2025-06-30,fzb,002837,404182114.670000,1.09184
应付职工薪酬,2025-06-30,fzb,002837,61373115.650000,0.38034
应交税费,2025-06-30,fzb,002837,32203241.490000,0.10885
应付利息,2025-06-30,fzb,002837,85789.240000,
其他应付款,2025-06-30,fzb,002837,46448742.620000,0.42855
其他应付款合计,2025-06-30,fzb,002837,46534531.860000,0.43119
一年内到期的非流动负债,2025-06-30,fzb,002837,50560187.020000,-0.60104
其他流动负债,2025-06-30,fzb,002837,132571815.230000,1.27953
流动负债合计,2025-06-30,fzb,002837,3302295640.070000,0.5666
长期借款,2025-06-30,fzb,002837,407869265.230000,3.01085
租赁负债,2025-06-30,fzb,002837,49252941.120000,0.82153
预计非流动负债,2025-06-30,fzb,002837,55203003.420000,0.43952
长期递延收益,2025-06-30,fzb,002837,19616452.650000,-0.07396
递延所得税负债,2025-06-30,fzb,002837,23860536.470000,0.68139
非流动负债合计,2025-06-30,fzb,002837,555802198.890000,1.74534
负债合计,2025-06-30,fzb,002837,3858097838.960000,0.66989
实收资本(或股本),2025-06-30,fzb,002837,968927487.000000,0.31012
资本公积,2025-06-30,fzb,002837,371743870.090000,-0.27505
其他综合收益,2025-06-30,fzb,002837,1632406.380000,-0.0147
盈余公积,2025-06-30,fzb,002837,155874963.760000,0.35694
未分配利润,2025-06-30,fzb,002837,1512764783.010000,0.24205
归属于母公司股东权益合计,2025-06-30,fzb,002837,3010943510.240000,0.16394
少数股东权益,2025-06-30,fzb,002837,6576790.900000,2.55782
所有者权益(或股东权益)合计,2025-06-30,fzb,002837,3017520301.140000,0.16839
负债和所有者权益(或股东权益)总计,2025-06-30,fzb,002837,6875618140.100000,0.40519
货币资金,2025-03-31,fzb,002837,739365919.990000,-0.22241
应收票据及应收账款,2025-03-31,fzb,002837,2342050793.670000,0.56987
应收票据,2025-03-31,fzb,002837,90531796.960000,2.46488
应收账款,2025-03-31,fzb,002837,2251518996.710000,0.53609
应收款项融资,2025-03-31,fzb,002837,294763316.550000,-0.39138
预付款项,2025-03-31,fzb,002837,15477780.700000,-0.29687
其他应收款(合计),2025-03-31,fzb,002837,83592920.970000,-0.09406
存货,2025-03-31,fzb,002837,1135020807.940000,0.7873
一年内到期的非流动资产,2025-03-31,fzb,002837,6581486.020000,0.17877
其他流动资产,2025-03-31,fzb,002837,123842525.590000,1.2383
流动资产合计,2025-03-31,fzb,002837,4890606036.320000,0.25287
在建工程合计,2025-03-31,fzb,002837,180670542.620000,-0.07864
固定资产及清理合计,2025-03-31,fzb,002837,640980565.680000,1.1964
合同资产,2025-03-31,fzb,002837,149910484.890000,0.55825
使用权资产,2025-03-31,fzb,002837,93444171.500000,0.48732
无形资产,2025-03-31,fzb,002837,125315486.160000,-0.02581
商誉,2025-03-31,fzb,002837,111206679.850000,-0.29318
长期待摊费用,2025-03-31,fzb,002837,22876538.880000,0.37534
递延所得税资产,2025-03-31,fzb,002837,90416414.670000,0.41434
其他非流动资产,2025-03-31,fzb,002837,59511319.300000,2.61383
非流动资产合计,2025-03-31,fzb,002837,1324421718.660000,0.41432
资产总计,2025-03-31,fzb,002837,6215027754.980000,0.28411
短期借款,2025-03-31,fzb,002837,544000000.000000,0.18777
应付票据及应付账款,2025-03-31,fzb,002837,1592860994.220000,0.3186
应付票据,2025-03-31,fzb,002837,452972237.070000,-0.25875
应付账款,2025-03-31,fzb,002837,1139888757.150000,0.90967
合同负债,2025-03-31,fzb,002837,366492032.700000,1.07345
应付职工薪酬,2025-03-31,fzb,002837,57067968.950000,0.42448
应交税费,2025-03-31,fzb,002837,27360464.770000,0.4032
应付利息,2025-03-31,fzb,002837,140993.010000,
其他应付款合计,2025-03-31,fzb,002837,41053054.800000,0.29683
一年内到期的非流动负债,2025-03-31,fzb,002837,48174016.490000,-0.6292
其他流动负债,2025-03-31,fzb,002837,95315027.240000,0.61528
流动负债合计,2025-03-31,fzb,002837,2772323559.170000,0.30592
长期借款,2025-03-31,fzb,002837,322878177.990000,5.49822
租赁负债,2025-03-31,fzb,002837,54769016.920000,0.58545
预计非流动负债,2025-03-31,fzb,002837,47236583.210000,0.3439
长期递延收益,2025-03-31,fzb,002837,18664834.800000,-0.14222
递延所得税负债,2025-03-31,fzb,002837,23339464.660000,0.52122
非流动负债合计,2025-03-31,fzb,002837,466888077.580000,1.98364
负债合计,2025-03-31,fzb,002837,3239211636.750000,0.4211
实收资本(或股本),2025-03-31,fzb,002837,744466584.000000,0.30879
资本公积,2025-03-31,fzb,002837,575432731.500000,-0.14077
其他综合收益,2025-03-31,fzb,002837,2082794.110000,0.5108
盈余公积,2025-03-31,fzb,002837,155874963.760000,0.35694
未分配利润,2025-03-31,fzb,002837,1494162312.860000,0.23459
归属于母公司股东权益合计,2025-03-31,fzb,002837,2972019386.230000,0.15867
少数股东权益,2025-03-31,fzb,002837,3796732.000000,1.85602
所有者权益(或股东权益)合计,2025-03-31,fzb,002837,2975816118.230000,0.16216
负债和所有者权益(或股东权益)总计,2025-03-31,fzb,002837,6215027754.980000,0.28411
货币资金,2024-12-31,fzb,002837,728186242.960000,-0.22561
交易性金融资产,2024-12-31,fzb,002837,30213333.330000,-0.39804
应收票据及应收账款,2024-12-31,fzb,002837,2471990530.040000,0.40357
应收票据,2024-12-31,fzb,002837,43584576.460000,0.43879
应收账款,2024-12-31,fzb,002837,2428405953.580000,0.40295
应收款项融资,2024-12-31,fzb,002837,350463531.880000,-0.36376
预付款项,2024-12-31,fzb,002837,15619680.850000,-0.03183
应收股利,2024-12-31,fzb,002837,0.000000,
应收利息,2024-12-31,fzb,002837,0.000000,
其他应收款,2024-12-31,fzb,002837,83510173.030000,-0.02232
其他应收款(合计),2024-12-31,fzb,002837,83510173.030000,-0.02232
存货,2024-12-31,fzb,002837,884357243.240000,0.31459
划分为持有待售的资产,2024-12-31,fzb,002837,0.000000,
一年内到期的非流动资产,2024-12-31,fzb,002837,6539165.050000,0.17914
其他流动资产,2024-12-31,fzb,002837,100106244.860000,1.05338
流动资产合计,2024-12-31,fzb,002837,4801620898.550000,0.13535
投资性房地产,2024-12-31,fzb,002837,0.000000,
长期应收款,2024-12-31,fzb,002837,0.000000,-1
固定资产原值,2024-12-31,fzb,002837,760737394.260000,0.95268
累计折旧,2024-12-31,fzb,002837,134334614.180000,0.31404
固定资产净值,2024-12-31,fzb,002837,626402780.080000,1.17988
在建工程合计,2024-12-31,fzb,002837,164244648.990000,0.27959
在建工程,2024-12-31,fzb,002837,164244648.990000,0.27959
固定资产净额,2024-12-31,fzb,002837,626402780.080000,1.17988
固定资产及清理合计,2024-12-31,fzb,002837,626402780.080000,1.17988
合同资产,2024-12-31,fzb,002837,130634753.310000,0.33258
使用权资产,2024-12-31,fzb,002837,46072731.320000,-0.31168
无形资产,2024-12-31,fzb,002837,126279367.380000,-0.02467
商誉,2024-12-31,fzb,002837,111206679.850000,-0.29318
长期待摊费用,2024-12-31,fzb,002837,19990681.660000,0.71428
递延所得税资产,2024-12-31,fzb,002837,73544505.070000,0.21378
其他非流动资产,2024-12-31,fzb,002837,45051605.800000,1.57228
非流动资产合计,2024-12-31,fzb,002837,1212793000.150000,0.40717
资产总计,2024-12-31,fzb,002837,6014413898.700000,0.18137
短期借款,2024-12-31,fzb,002837,312000000.000000,-0.1746
交易性金融负债,2024-12-31,fzb,002837,0.000000,
应付票据及应付账款,2024-12-31,fzb,002837,1804813557.300000,0.2383
应付票据,2024-12-31,fzb,002837,484490200.660000,-0.05182
应付账款,2024-12-31,fzb,002837,1320323356.640000,0.39492
预收款项,2024-12-31,fzb,002837,0.000000,
合同负债,2024-12-31,fzb,002837,229326812.370000,0.24489
应付职工薪酬,2024-12-31,fzb,002837,133703986.030000,0.26327
应交税费,2024-12-31,fzb,002837,46757435.010000,0.17077
应付利息,2024-12-31,fzb,002837,61076.350000,
应付股利,2024-12-31,fzb,002837,0.000000,
其他应付款,2024-12-31,fzb,002837,50092930.500000,0.41088
其他应付款合计,2024-12-31,fzb,002837,50154006.850000,0.4126
一年内到期的非流动负债,2024-12-31,fzb,002837,30170361.430000,-0.77432
其他流动负债,2024-12-31,fzb,002837,98923530.040000,0.52207
流动负债合计,2024-12-31,fzb,002837,2705849689.030000,0.12759
长期借款,2024-12-31,fzb,002837,291677069.980000,1.9642
应付债券,2024-12-31,fzb,002837,0.000000,
租赁负债,2024-12-31,fzb,002837,24094424.130000,-0.38287
长期应付款合计,2024-12-31,fzb,002837,0.000000,
预计非流动负债,2024-12-31,fzb,002837,44866607.050000,0.34216
长期递延收益,2024-12-31,fzb,002837,19547853.340000,-0.1369
递延所得税负债,2024-12-31,fzb,002837,15060877.180000,-0.05486
其他非流动负债,2024-12-31,fzb,002837,0.000000,
非流动负债合计,2024-12-31,fzb,002837,395246831.680000,0.88702
负债合计,2024-12-31,fzb,002837,3101096520.710000,0.18856
实收资本(或股本),2024-12-31,fzb,002837,744358659.000000,0.30953
资本公积,2024-12-31,fzb,002837,567271043.390000,-0.13148
减:库存股,2024-12-31,fzb,002837,0.000000,
其他综合收益,2024-12-31,fzb,002837,2235613.550000,0.63968
专项储备,2024-12-31,fzb,002837,0.000000,
盈余公积,2024-12-31,fzb,002837,155874963.760000,0.35694
一般风险准备,2024-12-31,fzb,002837,0.000000,
未分配利润,2024-12-31,fzb,002837,1446151837.450000,0.25942
归属于母公司股东权益合计,2024-12-31,fzb,002837,2915892117.150000,0.17289
少数股东权益,2024-12-31,fzb,002837,-2574739.160000,0.37768
所有者权益(或股东权益)合计,2024-12-31,fzb,002837,2913317377.990000,0.17381
负债和所有者权益(或股东权益)总计,2024-12-31,fzb,002837,6014413898.700000,0.18137
货币资金,2024-09-30,fzb,002837,857355013.050000,0.53026
交易性金融资产,2024-09-30,fzb,002837,30060000.000000,-0.66715
应收票据及应收账款,2024-09-30,fzb,002837,1869514489.240000,0.22738
应收票据,2024-09-30,fzb,002837,46919829.720000,0.62864
应收账款,2024-09-30,fzb,002837,1822594659.520000,0.21965
应收款项融资,2024-09-30,fzb,002837,336588406.370000,-0.22294
预付款项,2024-09-30,fzb,002837,56798881.730000,2.05193
其他应收款(合计),2024-09-30,fzb,002837,111446308.430000,0.20008
存货,2024-09-30,fzb,002837,896096768.270000,0.29103
一年内到期的非流动资产,2024-09-30,fzb,002837,5658639.910000,0.0101
其他流动资产,2024-09-30,fzb,002837,97062499.550000,1.54652
流动资产合计,2024-09-30,fzb,002837,4385865830.340000,0.23692
长期应收款,2024-09-30,fzb,002837,2769112.600000,-0.45562
在建工程合计,2024-09-30,fzb,002837,163629249.070000,0.91051
固定资产及清理合计,2024-09-30,fzb,002837,575866427.070000,1.12814
合同资产,2024-09-30,fzb,002837,125284823.790000,0.39824
使用权资产,2024-09-30,fzb,002837,55049172.430000,-0.24623
无形资产,2024-09-30,fzb,002837,126749313.040000,-0.02397
商誉,2024-09-30,fzb,002837,157334097.190000,-0.3237
长期待摊费用,2024-09-30,fzb,002837,17160589.890000,0.77516
递延所得税资产,2024-09-30,fzb,002837,64288894.840000,0.14515
其他非流动资产,2024-09-30,fzb,002837,38414230.220000,0.39525
非流动资产合计,2024-09-30,fzb,002837,1201261086.350000,0.34942
资产总计,2024-09-30,fzb,002837,5587126916.690000,0.2595
短期借款,2024-09-30,fzb,002837,415000000.000000,-0.0119
应付票据及应付账款,2024-09-30,fzb,002837,1558222147.320000,0.45214
应付票据,2024-09-30,fzb,002837,485661181.700000,0.18556
应付账款,2024-09-30,fzb,002837,1072560965.620000,0.61675
合同负债,2024-09-30,fzb,002837,236753857.950000,0.39233
应付职工薪酬,2024-09-30,fzb,002837,52391042.270000,0.34358
应交税费,2024-09-30,fzb,002837,41659329.380000,0.32531
其他应付款合计,2024-09-30,fzb,002837,41122607.950000,0.22061
一年内到期的非流动负债,2024-09-30,fzb,002837,81002785.660000,-0.05103
其他流动负债,2024-09-30,fzb,002837,69115134.650000,0.26425
流动负债合计,2024-09-30,fzb,002837,2495266905.180000,0.30831
长期借款,2024-09-30,fzb,002837,197947909.450000,1.01167
租赁负债,2024-09-30,fzb,002837,29925514.900000,-0.33164
预计非流动负债,2024-09-30,fzb,002837,43282717.220000,0.18819
长期递延收益,2024-09-30,fzb,002837,20387760.470000,-0.10746
递延所得税负债,2024-09-30,fzb,002837,15788644.240000,3.91088
非流动负债合计,2024-09-30,fzb,002837,307332546.280000,0.49438
负债合计,2024-09-30,fzb,002837,2802599451.460000,0.32643
实收资本(或股本),2024-09-30,fzb,002837,742635693.000000,0.30888
资本公积,2024-09-30,fzb,002837,543455984.870000,-0.13565
其他综合收益,2024-09-30,fzb,002837,1248606.100000,-0.35709
盈余公积,2024-09-30,fzb,002837,114872318.680000,0.33349
未分配利润,2024-09-30,fzb,002837,1387246026.810000,0.32976
归属于母公司股东权益合计,2024-09-30,fzb,002837,2789458629.460000,0.19851
少数股东权益,2024-09-30,fzb,002837,-4931164.230000,-0.13763
所有者权益(或股东权益)合计,2024-09-30,fzb,002837,2784527465.230000,0.19862
负债和所有者权益(或股东权益)总计,2024-09-30,fzb,002837,5587126916.690000,0.2595
货币资金,2024-06-30,fzb,002837,659579635.330000,0.16474
交易性金融资产,2024-06-30,fzb,002837,0.000000,-1
应收票据及应收账款,2024-06-30,fzb,002837,1720451515.320000,0.2183
应收票据,2024-06-30,fzb,002837,32990755.630000,1.43025
应收账款,2024-06-30,fzb,002837,1687460759.690000,0.20654
应收款项融资,2024-06-30,fzb,002837,411367203.630000,0.14336
预付款项,2024-06-30,fzb,002837,13929785.190000,-0.4619
其他应收款,2024-06-30,fzb,002837,90690703.650000,-0.01139
其他应收款(合计),2024-06-30,fzb,002837,90690703.650000,-0.01139
存货,2024-06-30,fzb,002837,692503008.780000,0.18915
一年内到期的非流动资产,2024-06-30,fzb,002837,5620997.050000,-0.36113
其他流动资产,2024-06-30,fzb,002837,85837575.050000,1.00584
流动资产合计,2024-06-30,fzb,002837,3798938842.300000,0.16121
长期应收款,2024-06-30,fzb,002837,2726791.630000,-0.45538
固定资产原值,2024-06-30,fzb,002837,460217891.590000,0.29291
累计折旧,2024-06-30,fzb,002837,116272628.610000,0.30515
固定资产净值,2024-06-30,fzb,002837,343945262.980000,0.28882
在建工程合计,2024-06-30,fzb,002837,310440667.300000,4.5545
在建工程,2024-06-30,fzb,002837,310440667.300000,4.5545
固定资产净额,2024-06-30,fzb,002837,343945262.980000,0.28882
固定资产及清理合计,2024-06-30,fzb,002837,343945262.980000,0.28882
合同资产,2024-06-30,fzb,002837,118958418.300000,0.3032
使用权资产,2024-06-30,fzb,002837,51904264.640000,-0.34211
无形资产,2024-06-30,fzb,002837,127581051.560000,-0.02351
商誉,2024-06-30,fzb,002837,157334097.190000,-0.3237
长期待摊费用,2024-06-30,fzb,002837,16077706.490000,0.51892
递延所得税资产,2024-06-30,fzb,002837,64277836.390000,0.04706
其他非流动资产,2024-06-30,fzb,002837,19791502.630000,0.09373
非流动资产合计,2024-06-30,fzb,002837,1094079180.810000,0.27215
资产总计,2024-06-30,fzb,002837,4893018023.110000,0.1843
短期借款,2024-06-30,fzb,002837,420000000.000000,-0.08696
应付票据及应付账款,2024-06-30,fzb,002837,1203819864.250000,0.34053
应付票据,2024-06-30,fzb,002837,364978484.700000,0.16327
应付账款,2024-06-30,fzb,002837,838841379.550000,0.43572
合同负债,2024-06-30,fzb,002837,193218389.070000,0.09168
应付职工薪酬,2024-06-30,fzb,002837,44462302.500000,0.31038
应交税费,2024-06-30,fzb,002837,29042112.130000,-0.02648
其他应付款,2024-06-30,fzb,002837,32514512.680000,0.22865
其他应付款合计,2024-06-30,fzb,002837,32514512.680000,0.22865
一年内到期的非流动负债,2024-06-30,fzb,002837,126728482.120000,1.8513
其他流动负债,2024-06-30,fzb,002837,58157427.610000,0.10349
流动负债合计,2024-06-30,fzb,002837,2107943090.360000,0.22385
长期借款,2024-06-30,fzb,002837,101691437.990000,-0.26524
租赁负债,2024-06-30,fzb,002837,27039323.000000,-0.46855
预计非流动负债,2024-06-30,fzb,002837,38348329.400000,0.20517
长期递延收益,2024-06-30,fzb,002837,21183097.890000,0.1
递延所得税负债,2024-06-30,fzb,002837,14190973.130000,3.25582
非流动负债合计,2024-06-30,fzb,002837,202453161.410000,-0.16922
负债合计,2024-06-30,fzb,002837,2310396251.770000,0.17513
实收资本(或股本),2024-06-30,fzb,002837,739572070.000000,0.30903
资本公积,2024-06-30,fzb,002837,512786202.450000,-0.13696
其他综合收益,2024-06-30,fzb,002837,1656764.380000,-0.2669
盈余公积,2024-06-30,fzb,002837,114872318.680000,0.33349
未分配利润,2024-06-30,fzb,002837,1217956210.330000,0.31686
归属于母公司股东权益合计,2024-06-30,fzb,002837,2586843565.840000,0.19076
少数股东权益,2024-06-30,fzb,002837,-4221794.500000,0.39226
所有者权益(或股东权益)合计,2024-06-30,fzb,002837,2582621771.340000,0.19263
负债和所有者权益(或股东权益)总计,2024-06-30,fzb,002837,4893018023.110000,0.1843
营业总收入,2026-03-31,lrb,002837,1175329313.610000,0.26029
营业收入,2026-03-31,lrb,002837,1175329313.610000,0.26029
营业总成本,2026-03-31,lrb,002837,1136824174.730000,0.29193
营业成本,2026-03-31,lrb,002837,889801134.410000,0.2973
营业税金及附加,2026-03-31,lrb,002837,9145763.260000,0.84308
研发费用,2026-03-31,lrb,002837,103436336.530000,0.10763
销售费用,2026-03-31,lrb,002837,54265276.920000,0.16245
管理费用,2026-03-31,lrb,002837,60111852.990000,0.21963
财务费用,2026-03-31,lrb,002837,20063810.620000,77.6124
利息收入,2026-03-31,lrb,002837,4661422.740000,0.60219
利息费用,2026-03-31,lrb,002837,7273594.580000,1.4917
投资收益,2026-03-31,lrb,002837,0.000000,-1
公允价值变动收益,2026-03-31,lrb,002837,324750.000000,
其他收益,2026-03-31,lrb,002837,4861165.880000,-0.63321
资产减值损失,2026-03-31,lrb,002837,-7241543.610000,-0.97373
信用减值损失,2026-03-31,lrb,002837,-30157185.330000,-3.00658
资产处置收益,2026-03-31,lrb,002837,42162.530000,5.63911
营业利润,2026-03-31,lrb,002837,6334488.350000,-0.88464
营业外收入,2026-03-31,lrb,002837,1645899.670000,-0.17986
营业外支出,2026-03-31,lrb,002837,1087115.520000,0.38362
利润总额,2026-03-31,lrb,002837,6893272.500000,-0.87719
所得税费用,2026-03-31,lrb,002837,-7267789.590000,-5.15863
净利润,2026-03-31,lrb,002837,14161062.090000,-0.7396
持续经营净利润,2026-03-31,lrb,002837,14161062.090000,-0.7396
归属于母公司所有者的净利润,2026-03-31,lrb,002837,8657602.270000,-0.81967
少数股东损益,2026-03-31,lrb,002837,5503459.820000,-0.13623
其他综合收益,2026-03-31,lrb,002837,-1204367.760000,-6.88099
归属于母公司所有者的其他综合收益,2026-03-31,lrb,002837,-1204367.760000,-6.88099
（二）以后将重分类进损益的其他综合收益,2026-03-31,lrb,002837,-1204367.760000,-6.88099
外币财务报表折算差额,2026-03-31,lrb,002837,-1204367.760000,-6.88099
综合收益总额,2026-03-31,lrb,002837,12956694.330000,-0.76107
归属于母公司所有者的综合收益总额,2026-03-31,lrb,002837,7453234.510000,-0.84426
归属于少数股东的综合收益总额,2026-03-31,lrb,002837,5503459.820000,-0.13623
基本每股收益,2026-03-31,lrb,002837,0.010000,-0.8
稀释每股收益,2026-03-31,lrb,002837,0.010000,-0.8
营业总收入,2025-12-31,lrb,002837,6067759091.550000,0.32229
营业收入,2025-12-31,lrb,002837,6067759091.550000,0.32229
营业总成本,2025-12-31,lrb,002837,5368841201.180000,0.32552
营业成本,2025-12-31,lrb,002837,4377125780.980000,0.33872
营业税金及附加,2025-12-31,lrb,002837,31503818.550000,0.1623
研发费用,2025-12-31,lrb,002837,445940662.450000,0.27507
销售费用,2025-12-31,lrb,002837,254101820.150000,0.22907
管理费用,2025-12-31,lrb,002837,243986893.170000,0.23224
财务费用,2025-12-31,lrb,002837,16182225.880000,20.06485
利息收入,2025-12-31,lrb,002837,15188353.980000,0.25587
利息费用,2025-12-31,lrb,002837,26240534.950000,0.20891
投资收益,2025-12-31,lrb,002837,214831.730000,-0.54995
公允价值变动收益,2025-12-31,lrb,002837,387916.670000,0.81836
其他收益,2025-12-31,lrb,002837,57609415.230000,-0.11
资产减值损失,2025-12-31,lrb,002837,-73180106.030000,-0.36195
信用减值损失,2025-12-31,lrb,002837,-93624381.870000,-0.92299
资产处置收益,2025-12-31,lrb,002837,33992.500000,-0.98294
营业利润,2025-12-31,lrb,002837,590359558.600000,0.17267
营业外收入,2025-12-31,lrb,002837,10275893.760000,0.00925
营业外支出,2025-12-31,lrb,002837,3226595.360000,0.19677
利润总额,2025-12-31,lrb,002837,597408857.000000,0.16928
所得税费用,2025-12-31,lrb,002837,54728876.140000,-0.03645
净利润,2025-12-31,lrb,002837,542679980.860000,0.19501
持续经营净利润,2025-12-31,lrb,002837,542679980.860000,0.19501
归属于母公司所有者的净利润,2025-12-31,lrb,002837,521914773.000000,0.15298
少数股东损益,2025-12-31,lrb,002837,20765207.860000,13.26263
其他综合收益,2025-12-31,lrb,002837,-367971.320000,-1.42191
归属于母公司所有者的其他综合收益,2025-12-31,lrb,002837,-367971.320000,-1.42191
（二）以后将重分类进损益的其他综合收益,2025-12-31,lrb,002837,-367971.320000,-1.42191
外币财务报表折算差额,2025-12-31,lrb,002837,-367971.320000,-1.42191
综合收益总额,2025-12-31,lrb,002837,542312009.540000,0.19191
归属于母公司所有者的综合收益总额,2025-12-31,lrb,002837,521546801.680000,0.14996
归属于少数股东的综合收益总额,2025-12-31,lrb,002837,20765207.860000,13.26263
基本每股收益,2025-12-31,lrb,002837,0.540000,0.14894
稀释每股收益,2025-12-31,lrb,002837,0.530000,0.12766
营业总收入,2025-09-30,lrb,002837,4026030778.350000,0.40195
营业收入,2025-09-30,lrb,002837,4026030778.350000,0.40195
营业总成本,2025-09-30,lrb,002837,3571860559.230000,0.41842
营业成本,2025-09-30,lrb,002837,2926123532.820000,0.43846
营业税金及附加,2025-09-30,lrb,002837,21099081.580000,0.35999
研发费用,2025-09-30,lrb,002837,297489723.530000,0.3136
销售费用,2025-09-30,lrb,002837,159338994.220000,0.38658
管理费用,2025-09-30,lrb,002837,161324362.410000,0.27771
财务费用,2025-09-30,lrb,002837,6484864.670000,6.75792
利息收入,2025-09-30,lrb,002837,10156875.460000,0.11928
利息费用,2025-09-30,lrb,002837,14723396.970000,-0.12089
投资收益,2025-09-30,lrb,002837,214831.730000,-0.19622
公允价值变动收益,2025-09-30,lrb,002837,253750.000000,3.22917
其他收益,2025-09-30,lrb,002837,30217419.660000,-0.32612
资产减值损失,2025-09-30,lrb,002837,-17230812.000000,-1.40449
信用减值损失,2025-09-30,lrb,002837,-29751238.860000,-7.98368
资产处置收益,2025-09-30,lrb,002837,64189.880000,-0.89576
营业利润,2025-09-30,lrb,002837,437938359.530000,0.12626
营业外收入,2025-09-30,lrb,002837,8667987.870000,0.3413
营业外支出,2025-09-30,lrb,002837,2691137.620000,0.77075
利润总额,2025-09-30,lrb,002837,443915209.780000,0.1273
所得税费用,2025-09-30,lrb,002837,30264684.570000,-0.27822
净利润,2025-09-30,lrb,002837,413650525.210000,0.17563
持续经营净利润,2025-09-30,lrb,002837,413650525.210000,0.17563
归属于母公司所有者的净利润,2025-09-30,lrb,002837,399069661.110000,0.13129
少数股东损益,2025-09-30,lrb,002837,14580864.100000,17.19183
其他综合收益,2025-09-30,lrb,002837,-400726.450000,-2.48937
归属于母公司所有者的其他综合收益,2025-09-30,lrb,002837,-400726.450000,-2.48937
（二）以后将重分类进损益的其他综合收益,2025-09-30,lrb,002837,-400726.450000,-2.48937
外币财务报表折算差额,2025-09-30,lrb,002837,-400726.450000,-2.48937
综合收益总额,2025-09-30,lrb,002837,413249798.760000,0.17487
归属于母公司所有者的综合收益总额,2025-09-30,lrb,002837,398668934.660000,0.13052
归属于少数股东的综合收益总额,2025-09-30,lrb,002837,14580864.100000,17.19183
基本每股收益,2025-09-30,lrb,002837,0.410000,0.10811
稀释每股收益,2025-09-30,lrb,002837,0.410000,0.10811
营业总收入,2025-06-30,lrb,002837,2573139460.900000,0.50251
营业收入,2025-06-30,lrb,002837,2573139460.900000,0.50251
营业总成本,2025-06-30,lrb,002837,2316076784.530000,0.50744
营业成本,2025-06-30,lrb,002837,1900373241.800000,0.5514
营业税金及附加,2025-06-30,lrb,002837,14013450.500000,0.4094
研发费用,2025-06-30,lrb,002837,195888741.850000,0.36741
销售费用,2025-06-30,lrb,002837,100608993.480000,0.36848
管理费用,2025-06-30,lrb,002837,103239730.700000,0.31793
财务费用,2025-06-30,lrb,002837,1952626.200000,-0.69648
利息收入,2025-06-30,lrb,002837,6390779.970000,0.29351
利息费用,2025-06-30,lrb,002837,8309343.620000,-0.27811
投资收益,2025-06-30,lrb,002837,214831.730000,-0.19622
公允价值变动收益,2025-06-30,lrb,002837,119583.330000,
其他收益,2025-06-30,lrb,002837,28082856.510000,-0.03219
资产减值损失,2025-06-30,lrb,002837,-12896150.670000,-1.71006
信用减值损失,2025-06-30,lrb,002837,-28963393.860000,-12.09056
资产处置收益,2025-06-30,lrb,002837,94412.050000,-0.84602
营业利润,2025-06-30,lrb,002837,243714815.460000,0.22434
营业外收入,2025-06-30,lrb,002837,6631957.410000,0.47442
营业外支出,2025-06-30,lrb,002837,1405626.850000,0.3782
利润总额,2025-06-30,lrb,002837,248941146.020000,0.22912
所得税费用,2025-06-30,lrb,002837,23049189.400000,0.19667
净利润,2025-06-30,lrb,002837,225891956.620000,0.23253
持续经营净利润,2025-06-30,lrb,002837,225891956.620000,0.23253
归属于母公司所有者的净利润,2025-06-30,lrb,002837,215640426.560000,0.17537
少数股东损益,2025-06-30,lrb,002837,10251530.060000,54.63419
其他综合收益,2025-06-30,lrb,002837,-603207.170000,-3.05651
归属于母公司所有者的其他综合收益,2025-06-30,lrb,002837,-603207.170000,-3.05651
（二）以后将重分类进损益的其他综合收益,2025-06-30,lrb,002837,-603207.170000,-3.05651
外币财务报表折算差额,2025-06-30,lrb,002837,-603207.170000,-3.05651
综合收益总额,2025-06-30,lrb,002837,225288749.450000,0.22727
归属于母公司所有者的综合收益总额,2025-06-30,lrb,002837,215037219.390000,0.17021
归属于少数股东的综合收益总额,2025-06-30,lrb,002837,10251530.060000,54.63419
基本每股收益,2025-06-30,lrb,002837,0.220000,0.15789
稀释每股收益,2025-06-30,lrb,002837,0.220000,0.15789
营业总收入,2025-03-31,lrb,002837,932585781.260000,0.25071
营业收入,2025-03-31,lrb,002837,932585781.260000,0.25071
营业总成本,2025-03-31,lrb,002837,879940435.340000,0.27225
营业成本,2025-03-31,lrb,002837,685885751.250000,0.25862
营业税金及附加,2025-03-31,lrb,002837,4962212.730000,0.04589
研发费用,2025-03-31,lrb,002837,93385655.830000,0.43202
销售费用,2025-03-31,lrb,002837,46681782.200000,0.3275
管理费用,2025-03-31,lrb,002837,49286920.570000,0.3861
财务费用,2025-03-31,lrb,002837,-261887.240000,-1.04357
利息收入,2025-03-31,lrb,002837,2909401.230000,0.52538
利息费用,2025-03-31,lrb,002837,2919130.080000,-0.40014
投资收益,2025-03-31,lrb,002837,214831.730000,0.84273
公允价值变动收益,2025-03-31,lrb,002837,0.000000,-1
其他收益,2025-03-31,lrb,002837,13253228.400000,-0.21822
资产减值损失,2025-03-31,lrb,002837,-3668963.040000,-0.56698
信用减值损失,2025-03-31,lrb,002837,-7526922.800000,-0.48889
资产处置收益,2025-03-31,lrb,002837,-9088.500000,-1.23235
营业利润,2025-03-31,lrb,002837,54908431.710000,-0.13881
营业外收入,2025-03-31,lrb,002837,2006858.360000,-0.18013
营业外支出,2025-03-31,lrb,002837,785701.320000,1.91027
利润总额,2025-03-31,lrb,002837,56129588.750000,-0.14873
所得税费用,2025-03-31,lrb,002837,1747642.180000,-0.59972
净利润,2025-03-31,lrb,002837,54381946.570000,-0.11675
持续经营净利润,2025-03-31,lrb,002837,54381946.570000,-0.11675
归属于母公司所有者的净利润,2025-03-31,lrb,002837,48010475.410000,-0.22533
少数股东损益,2025-03-31,lrb,002837,6371471.160000,16.74505
其他综合收益,2025-03-31,lrb,002837,-152819.440000,-1.32813
归属于母公司所有者的其他综合收益,2025-03-31,lrb,002837,-152819.440000,-1.32813
（二）以后将重分类进损益的其他综合收益,2025-03-31,lrb,002837,-152819.440000,-1.32813
外币财务报表折算差额,2025-03-31,lrb,002837,-152819.440000,-1.32813
综合收益总额,2025-03-31,lrb,002837,54229127.130000,-0.12585
归属于母公司所有者的综合收益总额,2025-03-31,lrb,002837,47857655.970000,-0.23355
归属于少数股东的综合收益总额,2025-03-31,lrb,002837,6371471.160000,16.74505
基本每股收益,2025-03-31,lrb,002837,0.050000,-0.375
稀释每股收益,2025-03-31,lrb,002837,0.050000,-0.375
营业总收入,2024-12-31,lrb,002837,4588819487.270000,0.30037
营业收入,2024-12-31,lrb,002837,4588819487.270000,0.30037
营业总成本,2024-12-31,lrb,002837,4050379533.850000,0.30783
营业成本,2024-12-31,lrb,002837,3269640960.520000,0.31897
营业税金及附加,2024-12-31,lrb,002837,27104696.890000,0.31768
研发费用,2024-12-31,lrb,002837,349736935.270000,0.32976
销售费用,2024-12-31,lrb,002837,206743443.690000,0.18662
管理费用,2024-12-31,lrb,002837,198002296.590000,0.28753
财务费用,2024-12-31,lrb,002837,-848799.110000,-1.13074
利息收入,2024-12-31,lrb,002837,12093930.660000,0.79318
利息费用,2024-12-31,lrb,002837,21706011.770000,0.01278
投资收益,2024-12-31,lrb,002837,477353.390000,-0.81531
对联营企业和合营企业的投资收益,2024-12-31,lrb,002837,0.000000,
公允价值变动收益,2024-12-31,lrb,002837,213333.330000,0.11304
其他收益,2024-12-31,lrb,002837,64729324.940000,0.14591
资产减值损失,2024-12-31,lrb,002837,-53731669.220000,0.33872
信用减值损失,2024-12-31,lrb,002837,-48686787.400000,-2.25434
资产处置收益,2024-12-31,lrb,002837,1992304.360000,0.73457
营业利润,2024-12-31,lrb,002837,503433812.820000,0.2712
营业外收入,2024-12-31,lrb,002837,10181728.620000,0.24406
营业外支出,2024-12-31,lrb,002837,2696096.840000,-0.01638
利润总额,2024-12-31,lrb,002837,510919444.600000,0.27261
所得税费用,2024-12-31,lrb,002837,56799157.800000,0.07727
净利润,2024-12-31,lrb,002837,454120286.800000,0.30214
持续经营净利润,2024-12-31,lrb,002837,454120286.800000,0.30214
归属于母公司所有者的净利润,2024-12-31,lrb,002837,452664369.420000,0.31586
少数股东损益,2024-12-31,lrb,002837,1455917.380000,-0.693
其他综合收益,2024-12-31,lrb,002837,872165.520000,0.9357
归属于母公司所有者的其他综合收益,2024-12-31,lrb,002837,872165.520000,0.9357
（二）以后将重分类进损益的其他综合收益,2024-12-31,lrb,002837,872165.520000,0.9357
外币财务报表折算差额,2024-12-31,lrb,002837,872165.520000,0.9357
综合收益总额,2024-12-31,lrb,002837,454992452.320000,0.30296
归属于母公司所有者的综合收益总额,2024-12-31,lrb,002837,453536534.940000,0.31667
归属于少数股东的综合收益总额,2024-12-31,lrb,002837,1455917.380000,-0.693
基本每股收益,2024-12-31,lrb,002837,0.470000,0
稀释每股收益,2024-12-31,lrb,002837,0.470000,0
营业总收入,2024-09-30,lrb,002837,2871742557.750000,0.38605
营业收入,2024-09-30,lrb,002837,2871742557.750000,0.38605
营业总成本,2024-09-30,lrb,002837,2518205367.710000,0.35141
营业成本,2024-09-30,lrb,002837,2034210395.250000,0.45736
营业税金及附加,2024-09-30,lrb,002837,15514197.000000,0.04108
研发费用,2024-09-30,lrb,002837,226468614.320000,0.32462
销售费用,2024-09-30,lrb,002837,114915224.160000,-0.35721
管理费用,2024-09-30,lrb,002837,126261034.230000,0.24518
财务费用,2024-09-30,lrb,002837,835902.750000,-0.45169
利息收入,2024-09-30,lrb,002837,9074466.650000,0.79646
利息费用,2024-09-30,lrb,002837,16747976.160000,0.14123
投资收益,2024-09-30,lrb,002837,267277.770000,-0.51282
公允价值变动收益,2024-09-30,lrb,002837,60000.000000,-0.96711
其他收益,2024-09-30,lrb,002837,44840850.110000,0.32344
资产减值损失,2024-09-30,lrb,002837,-7166099.290000,-0.76034
信用减值损失,2024-09-30,lrb,002837,-3311696.890000,0.49717
资产处置收益,2024-09-30,lrb,002837,615785.350000,41.43983
营业利润,2024-09-30,lrb,002837,388843307.090000,0.66114
营业外收入,2024-09-30,lrb,002837,6462356.740000,0.05781
营业外支出,2024-09-30,lrb,002837,1519771.620000,-0.31923
利润总额,2024-09-30,lrb,002837,393785892.210000,0.65485
所得税费用,2024-09-30,lrb,002837,41930486.200000,0.80902
净利润,2024-09-30,lrb,002837,351855406.010000,0.63821
持续经营净利润,2024-09-30,lrb,002837,351855406.010000,0.63821
归属于母公司所有者的净利润,2024-09-30,lrb,002837,352755913.700000,0.67791
少数股东损益,2024-09-30,lrb,002837,-900507.690000,-1.19813
其他综合收益,2024-09-30,lrb,002837,-114841.930000,-1.11158
归属于母公司所有者的其他综合收益,2024-09-30,lrb,002837,-114841.930000,-1.11158
（二）以后将重分类进损益的其他综合收益,2024-09-30,lrb,002837,-114841.930000,-1.11158
外币财务报表折算差额,2024-09-30,lrb,002837,-114841.930000,-1.11158
综合收益总额,2024-09-30,lrb,002837,351740564.080000,0.62987
归属于母公司所有者的综合收益总额,2024-09-30,lrb,002837,352641071.770000,0.6692
归属于少数股东的综合收益总额,2024-09-30,lrb,002837,-900507.690000,-1.19813
基本每股收益,2024-09-30,lrb,002837,0.370000,0.27586
稀释每股收益,2024-09-30,lrb,002837,0.370000,0.32143
营业总收入,2024-06-30,lrb,002837,1712557931.470000,0.38236
营业收入,2024-06-30,lrb,002837,1712557931.470000,0.38236
营业总成本,2024-06-30,lrb,002837,1536426113.250000,0.34545
营业成本,2024-06-30,lrb,002837,1224941171.290000,0.45486
营业税金及附加,2024-06-30,lrb,002837,9942829.420000,0.01839
研发费用,2024-06-30,lrb,002837,143255035.470000,0.29649
销售费用,2024-06-30,lrb,002837,73518922.870000,-0.34349
管理费用,2024-06-30,lrb,002837,78334873.530000,0.15358
财务费用,2024-06-30,lrb,002837,6433280.670000,39.20369
利息收入,2024-06-30,lrb,002837,4940653.730000,0.32214
利息费用,2024-06-30,lrb,002837,11510613.890000,-0.01979
投资收益,2024-06-30,lrb,002837,267277.770000,-0.21238
公允价值变动收益,2024-06-30,lrb,002837,0.000000,-1
其他收益,2024-06-30,lrb,002837,29016957.060000,0.54789
资产减值损失,2024-06-30,lrb,002837,-4758628.630000,-0.03589
信用减值损失,2024-06-30,lrb,002837,-2212539.830000,0.81256
资产处置收益,2024-06-30,lrb,002837,613137.560000,77.35472
营业利润,2024-06-30,lrb,002837,199058022.150000,0.96854
营业外收入,2024-06-30,lrb,002837,4498014.820000,-0.02483
营业外支出,2024-06-30,lrb,002837,1019899.800000,-0.31197
利润总额,2024-06-30,lrb,002837,202536137.170000,0.9428
所得税费用,2024-06-30,lrb,002837,19261177.910000,0.84977
净利润,2024-06-30,lrb,002837,183274959.260000,0.95312
持续经营净利润,2024-06-30,lrb,002837,183274959.260000,0.95312
归属于母公司所有者的净利润,2024-06-30,lrb,002837,183466097.220000,0.99628
少数股东损益,2024-06-30,lrb,002837,-191137.960000,-1.09888
其他综合收益,2024-06-30,lrb,002837,293316.350000,-0.78225
归属于母公司所有者的其他综合收益,2024-06-30,lrb,002837,293316.350000,-0.78225
（二）以后将重分类进损益的其他综合收益,2024-06-30,lrb,002837,293316.350000,-0.78225
外币财务报表折算差额,2024-06-30,lrb,002837,293316.350000,-0.78225
综合收益总额,2024-06-30,lrb,002837,183568275.610000,0.92856
归属于母公司所有者的综合收益总额,2024-06-30,lrb,002837,183759413.570000,0.97059
归属于少数股东的综合收益总额,2024-06-30,lrb,002837,-191137.960000,-1.09888
基本每股收益,2024-06-30,lrb,002837,0.190000,0.46154
稀释每股收益,2024-06-30,lrb,002837,0.190000,0.58333
销售商品、提供劳务收到的现金,2026-03-31,llb,002837,1158888557.080000,0.03369
收到的税费返还,2026-03-31,llb,002837,669640.870000,-0.85516
收到的其他与经营活动有关的现金,2026-03-31,llb,002837,24860428.090000,0.12808
经营活动现金流入小计,2026-03-31,llb,002837,1184418626.040000,0.03192
购买商品、接受劳务支付的现金,2026-03-31,llb,002837,1114907203.130000,0.19286
支付给职工以及为职工支付的现金,2026-03-31,llb,002837,312942013.090000,0.22072
支付的各项税费,2026-03-31,llb,002837,68303727.940000,0.07621
支付的其他与经营活动有关的现金,2026-03-31,llb,002837,74629650.590000,0.16472
经营活动现金流出小计,2026-03-31,llb,002837,1570782594.750000,0.1913
经营活动产生的现金流量净额,2026-03-31,llb,002837,-386363968.710000,-1.26246
取得投资收益收到的现金,2026-03-31,llb,002837,0.000000,-1
处置固定资产、无形资产和其他长期资产所收回的现金净额,2026-03-31,llb,002837,12500.000000,
收到的其他与投资活动有关的现金,2026-03-31,llb,002837,0.000000,-1
投资活动现金流入小计,2026-03-31,llb,002837,12500.000000,-0.99986
购建固定资产、无形资产和其他长期资产所支付的现金,2026-03-31,llb,002837,125825541.360000,0.91738
支付的其他与投资活动有关的现金,2026-03-31,llb,002837,32152444.440000,-0.46413
投资活动现金流出小计,2026-03-31,llb,002837,157977985.800000,0.25755
投资活动产生的现金流量净额,2026-03-31,llb,002837,-157965485.800000,-3.48823
吸收投资收到的现金,2026-03-31,llb,002837,2173366.850000,-0.35041
取得借款收到的现金,2026-03-31,llb,002837,506934821.500000,0.35925
收到其他与筹资活动有关的现金,2026-03-31,llb,002837,10129646.040000,-0.68233
筹资活动现金流入小计,2026-03-31,llb,002837,519237834.390000,0.27207
偿还债务支付的现金,2026-03-31,llb,002837,272453136.760000,1.59479
分配股利、利润或偿付利息所支付的现金,2026-03-31,llb,002837,7370226.570000,0.80057
支付其他与筹资活动有关的现金,2026-03-31,llb,002837,24394544.300000,-0.30007
筹资活动现金流出小计,2026-03-31,llb,002837,304217907.630000,1.11341
筹资活动产生的现金流量净额,2026-03-31,llb,002837,215019926.760000,-0.18626
汇率变动对现金及现金等价物的影响,2026-03-31,llb,002837,-11880657.990000,0.24742
现金及现金等价物净增加额,2026-03-31,llb,002837,-341190185.740000,-9.03104
期初现金及现金等价物余额,2026-03-31,llb,002837,1122240910.720000,1.01983
期末现金及现金等价物余额,2026-03-31,llb,002837,781050724.980000,0.3059
销售商品、提供劳务收到的现金,2025-12-31,llb,002837,5089358063.610000,0.30096
收到的税费返还,2025-12-31,llb,002837,29292750.400000,0.25023
收到的其他与经营活动有关的现金,2025-12-31,llb,002837,116210386.360000,0.32695
经营活动现金流入小计,2025-12-31,llb,002837,5234861200.370000,0.30123
购买商品、接受劳务支付的现金,2025-12-31,llb,002837,3688482094.790000,0.36714
支付给职工以及为职工支付的现金,2025-12-31,llb,002837,891206501.890000,0.31179
支付的各项税费,2025-12-31,llb,002837,210208142.970000,0.20753
支付的其他与经营活动有关的现金,2025-12-31,llb,002837,287691238.360000,0.05865
经营活动现金流出小计,2025-12-31,llb,002837,5077587978.010000,0.32811
经营活动产生的现金流量净额,2025-12-31,llb,002837,157273222.360000,-0.21298
取得投资收益收到的现金,2025-12-31,llb,002837,428165.060000,-0.36001
处置固定资产、无形资产和其他长期资产所收回的现金净额,2025-12-31,llb,002837,18000.000000,-0.90164
收到的其他与投资活动有关的现金,2025-12-31,llb,002837,90000000.000000,-0.67273
投资活动现金流入小计,2025-12-31,llb,002837,90446165.060000,-0.67212
购建固定资产、无形资产和其他长期资产所支付的现金,2025-12-31,llb,002837,303000207.710000,-0.14238
支付的其他与投资活动有关的现金,2025-12-31,llb,002837,90152000.010000,-0.64646
投资活动现金流出小计,2025-12-31,llb,002837,393152207.720000,-0.35369
投资活动产生的现金流量净额,2025-12-31,llb,002837,-302706042.660000,0.08947
吸收投资收到的现金,2025-12-31,llb,002837,68569717.010000,0.54471
取得借款收到的现金,2025-12-31,llb,002837,1150038377.130000,0.57724
收到其他与筹资活动有关的现金,2025-12-31,llb,002837,259091434.830000,1.76371
筹资活动现金流入小计,2025-12-31,llb,002837,1477699528.970000,0.70382
偿还债务支付的现金,2025-12-31,llb,002837,488584155.330000,-0.29902
分配股利、利润或偿付利息所支付的现金,2025-12-31,llb,002837,174207897.160000,0.33252
子公司支付给少数股东的股利、利润,2025-12-31,llb,002837,1100000.000000,
支付其他与筹资活动有关的现金,2025-12-31,llb,002837,80331301.170000,-0.52833
筹资活动现金流出小计,2025-12-31,llb,002837,743123353.660000,-0.25542
筹资活动产生的现金流量净额,2025-12-31,llb,002837,734576175.310000,6.61762
汇率变动对现金及现金等价物的影响,2025-12-31,llb,002837,-22513082.180000,-6.65655
现金及现金等价物净增加额,2025-12-31,llb,002837,566630272.830000,3.1844
期初现金及现金等价物余额,2025-12-31,llb,002837,555610637.890000,-0.31828
现金的期末余额,2025-12-31,llb,002837,1122240910.720000,1.01983
现金的期初余额,2025-12-31,llb,002837,555610637.890000,-0.31828
期末现金及现金等价物余额,2025-12-31,llb,002837,1122240910.720000,1.01983
销售商品、提供劳务收到的现金,2025-09-30,llb,002837,3493079983.510000,0.25504
收到的税费返还,2025-09-30,llb,002837,6751914.320000,-0.58413
收到的其他与经营活动有关的现金,2025-09-30,llb,002837,68156219.690000,0.06814
经营活动现金流入小计,2025-09-30,llb,002837,3567988117.520000,0.24612
购买商品、接受劳务支付的现金,2025-09-30,llb,002837,2851473897.030000,0.4918
支付给职工以及为职工支付的现金,2025-09-30,llb,002837,672576991.220000,0.34661
支付的各项税费,2025-09-30,llb,002837,154543748.550000,0.42836
支付的其他与经营活动有关的现金,2025-09-30,llb,002837,208427953.010000,0.10895
经营活动现金流出小计,2025-09-30,llb,002837,3887022589.810000,0.43589
经营活动产生的现金流量净额,2025-09-30,llb,002837,-319034472.290000,-3.04203
取得投资收益收到的现金,2025-09-30,llb,002837,428165.060000,-0.06707
处置固定资产、无形资产和其他长期资产所收回的现金净额,2025-09-30,llb,002837,4000.000000,-0.96154
收到的其他与投资活动有关的现金,2025-09-30,llb,002837,90000000.000000,-0.4
投资活动现金流入小计,2025-09-30,llb,002837,90432165.060000,-0.39937
购建固定资产、无形资产和其他长期资产所支付的现金,2025-09-30,llb,002837,239950342.150000,-0.10557
支付的其他与投资活动有关的现金,2025-09-30,llb,002837,90152000.010000,-0.30652
投资活动现金流出小计,2025-09-30,llb,002837,330102342.160000,-0.17116
投资活动产生的现金流量净额,2025-09-30,llb,002837,-239670177.100000,0.03245
吸收投资收到的现金,2025-09-30,llb,002837,57168056.770000,1.6331
取得借款收到的现金,2025-09-30,llb,002837,1034660431.670000,1.08516
收到其他与筹资活动有关的现金,2025-09-30,llb,002837,210937826.240000,2.08123
筹资活动现金流入小计,2025-09-30,llb,002837,1302766314.680000,1.22174
偿还债务支付的现金,2025-09-30,llb,002837,331384155.330000,-0.18758
分配股利、利润或偿付利息所支付的现金,2025-09-30,llb,002837,165783036.800000,0.31083
子公司支付给少数股东的股利、利润,2025-09-30,llb,002837,1100000.000000,
支付其他与筹资活动有关的现金,2025-09-30,llb,002837,63321852.200000,-0.23285
筹资活动现金流出小计,2025-09-30,llb,002837,560489044.330000,-0.09146
筹资活动产生的现金流量净额,2025-09-30,llb,002837,742277270.350000,25.30375
汇率变动对现金及现金等价物的影响,2025-09-30,llb,002837,-17327564.990000,-5.37709
现金及现金等价物净增加额,2025-09-30,llb,002837,166245055.970000,2.33279
期初现金及现金等价物余额,2025-09-30,llb,002837,555610637.890000,-0.31828
期末现金及现金等价物余额,2025-09-30,llb,002837,721855693.860000,0.04575
销售商品、提供劳务收到的现金,2025-06-30,llb,002837,2287775559.780000,0.33066
收到的税费返还,2025-06-30,llb,002837,6299975.010000,-0.18787
收到的其他与经营活动有关的现金,2025-06-30,llb,002837,44005218.640000,0.10549
经营活动现金流入小计,2025-06-30,llb,002837,2338080753.430000,0.32331
购买商品、接受劳务支付的现金,2025-06-30,llb,002837,1870152094.970000,0.46757
支付给职工以及为职工支付的现金,2025-06-30,llb,002837,457626169.050000,0.35745
支付的各项税费,2025-06-30,llb,002837,113892545.190000,0.37507
支付的其他与经营活动有关的现金,2025-06-30,llb,002837,130323792.400000,0.10227
经营活动现金流出小计,2025-06-30,llb,002837,2571994601.610000,0.41903
经营活动产生的现金流量净额,2025-06-30,llb,002837,-233913848.180000,-4.12327
取得投资收益收到的现金,2025-06-30,llb,002837,428165.060000,-0.06707
处置固定资产、无形资产和其他长期资产所收回的现金净额,2025-06-30,llb,002837,500.000000,-0.99505
收到的其他与投资活动有关的现金,2025-06-30,llb,002837,90000000.000000,-0.4
投资活动现金流入小计,2025-06-30,llb,002837,90428665.060000,-0.39938
购建固定资产、无形资产和其他长期资产所支付的现金,2025-06-30,llb,002837,141431294.280000,-0.18657
支付的其他与投资活动有关的现金,2025-06-30,llb,002837,90152000.010000,-0.09848
投资活动现金流出小计,2025-06-30,llb,002837,231583294.290000,-0.15441
投资活动产生的现金流量净额,2025-06-30,llb,002837,-141154629.230000,-0.14471
吸收投资收到的现金,2025-06-30,llb,002837,12604373.210000,0.89271
取得借款收到的现金,2025-06-30,llb,002837,780889450.770000,1.12376
收到其他与筹资活动有关的现金,2025-06-30,llb,002837,51706984.260000,0.07881
筹资活动现金流入小计,2025-06-30,llb,002837,845200808.240000,1.00151
偿还债务支付的现金,2025-06-30,llb,002837,196300000.000000,-0.3932
分配股利、利润或偿付利息所支付的现金,2025-06-30,llb,002837,159550559.980000,0.29991
子公司支付给少数股东的股利、利润,2025-06-30,llb,002837,1100000.000000,
支付其他与筹资活动有关的现金,2025-06-30,llb,002837,49568679.150000,-0.13882
筹资活动现金流出小计,2025-06-30,llb,002837,405419239.130000,-0.19528
筹资活动产生的现金流量净额,2025-06-30,llb,002837,439781569.110000,6.3949
汇率变动对现金及现金等价物的影响,2025-06-30,llb,002837,-15842982.820000,-5.89044
现金及现金等价物净增加额,2025-06-30,llb,002837,48870108.880000,1.19766
期初现金及现金等价物余额,2025-06-30,llb,002837,555610637.890000,-0.31828
现金的期末余额,2025-06-30,llb,002837,604480746.770000,0.06467
现金的期初余额,2025-06-30,llb,002837,555610637.890000,-0.31828
期末现金及现金等价物余额,2025-06-30,llb,002837,604480746.770000,0.06467
销售商品、提供劳务收到的现金,2025-03-31,llb,002837,1121116712.090000,0.15817
收到的税费返还,2025-03-31,llb,002837,4623344.140000,0.14271
收到的其他与经营活动有关的现金,2025-03-31,llb,002837,22037746.410000,-0.1337
经营活动现金流入小计,2025-03-31,llb,002837,1147777802.640000,0.15066
购买商品、接受劳务支付的现金,2025-03-31,llb,002837,934648177.380000,0.4693
支付给职工以及为职工支付的现金,2025-03-31,llb,002837,256359350.340000,0.31683
支付的各项税费,2025-03-31,llb,002837,63466667.520000,0.36269
支付的其他与经营活动有关的现金,2025-03-31,llb,002837,64075340.480000,0.00341
经营活动现金流出小计,2025-03-31,llb,002837,1318549535.720000,0.40088
经营活动产生的现金流量净额,2025-03-31,llb,002837,-170771733.080000,-4.0349
取得投资收益收到的现金,2025-03-31,llb,002837,428165.060000,0.38902
收到的其他与投资活动有关的现金,2025-03-31,llb,002837,90000000.000000,0.125
投资活动现金流入小计,2025-03-31,llb,002837,90428165.060000,0.1246
购建固定资产、无形资产和其他长期资产所支付的现金,2025-03-31,llb,002837,65623698.000000,-0.26009
支付的其他与投资活动有关的现金,2025-03-31,llb,002837,60000000.000000,-0.4
投资活动现金流出小计,2025-03-31,llb,002837,125623698.000000,-0.33424
投资活动产生的现金流量净额,2025-03-31,llb,002837,-35195532.940000,0.67497
吸收投资收到的现金,2025-03-31,llb,002837,3345739.830000,-0.07153
取得借款收到的现金,2025-03-31,llb,002837,372950512.650000,0.65544
收到其他与筹资活动有关的现金,2025-03-31,llb,002837,31887756.650000,1.42252
筹资活动现金流入小计,2025-03-31,llb,002837,408184009.130000,0.68634
偿还债务支付的现金,2025-03-31,llb,002837,105000000.000000,-0.46154
分配股利、利润或偿付利息所支付的现金,2025-03-31,llb,002837,4093283.930000,0.01939
支付其他与筹资活动有关的现金,2025-03-31,llb,002837,34852980.470000,0.1698
筹资活动现金流出小计,2025-03-31,llb,002837,143946264.400000,-0.37089
筹资活动产生的现金流量净额,2025-03-31,llb,002837,264237744.730000,18.9509
汇率变动对现金及现金等价物的影响,2025-03-31,llb,002837,-15786519.070000,-18.77469
现金及现金等价物净增加额,2025-03-31,llb,002837,42483959.640000,2.12153
期初现金及现金等价物余额,2025-03-31,llb,002837,555610637.890000,-0.31828
期末现金及现金等价物余额,2025-03-31,llb,002837,598094597.530000,-0.23038
销售商品、提供劳务收到的现金,2024-12-31,llb,002837,3911998140.920000,0.34086
收到的税费返还,2024-12-31,llb,002837,23429964.510000,0.18366
收到的其他与经营活动有关的现金,2024-12-31,llb,002837,87576803.050000,-0.06125
经营活动现金流入小计,2024-12-31,llb,002837,4023004908.480000,0.32745
购买商品、接受劳务支付的现金,2024-12-31,llb,002837,2697955938.550000,0.58606
支付给职工以及为职工支付的现金,2024-12-31,llb,002837,679379484.060000,0.33446
支付的各项税费,2024-12-31,llb,002837,174081593.810000,0.13826
支付的其他与经营活动有关的现金,2024-12-31,llb,002837,271752877.110000,0.26715
经营活动现金流出小计,2024-12-31,llb,002837,3823169893.530000,0.48326
经营活动产生的现金流量净额,2024-12-31,llb,002837,199835014.950000,-0.55893
取得投资收益收到的现金,2024-12-31,llb,002837,669020.060000,-0.77967
处置固定资产、无形资产和其他长期资产所收回的现金净额,2024-12-31,llb,002837,182992.000000,1.49597
收到的其他与投资活动有关的现金,2024-12-31,llb,002837,275000000.000000,-0.41239
投资活动现金流入小计,2024-12-31,llb,002837,275852012.060000,-0.41446
购建固定资产、无形资产和其他长期资产所支付的现金,2024-12-31,llb,002837,353302473.720000,0.73044
支付的其他与投资活动有关的现金,2024-12-31,llb,002837,255000000.000000,-0.29167
投资活动现金流出小计,2024-12-31,llb,002837,608302473.720000,0.07823
投资活动产生的现金流量净额,2024-12-31,llb,002837,-332450461.660000,-2.57246
吸收投资收到的现金,2024-12-31,llb,002837,44390054.700000,0.19344
子公司吸收少数股东投资收到的现金,2024-12-31,llb,002837,106667.000000,
取得借款收到的现金,2024-12-31,llb,002837,729148125.120000,0.22992
收到其他与筹资活动有关的现金,2024-12-31,llb,002837,93747704.900000,1.50442
筹资活动现金流入小计,2024-12-31,llb,002837,867285884.720000,0.29937
偿还债务支付的现金,2024-12-31,llb,002837,697000000.000000,0.22002
分配股利、利润或偿付利息所支付的现金,2024-12-31,llb,002837,130735632.580000,0.30772
支付其他与筹资活动有关的现金,2024-12-31,llb,002837,170313238.660000,0.5225
筹资活动现金流出小计,2024-12-31,llb,002837,998048871.240000,0.27443
筹资活动产生的现金流量净额,2024-12-31,llb,002837,-130762986.520000,-0.13049
汇率变动对现金及现金等价物的影响,2024-12-31,llb,002837,3980000.420000,-0.4849
现金及现金等价物净增加额,2024-12-31,llb,002837,-259398432.810000,-2.02907
期初现金及现金等价物余额,2024-12-31,llb,002837,815009070.700000,0.44778
现金的期末余额,2024-12-31,llb,002837,555610637.890000,-0.31828
现金的期初余额,2024-12-31,llb,002837,815009070.700000,0.44778
期末现金及现金等价物余额,2024-12-31,llb,002837,555610637.890000,-0.31828
销售商品、提供劳务收到的现金,2024-09-30,llb,002837,2783234271.250000,0.56411
收到的税费返还,2024-09-30,llb,002837,16235728.100000,0.00881
收到的其他与经营活动有关的现金,2024-09-30,llb,002837,63808127.180000,-0.16867
经营活动现金流入小计,2024-09-30,llb,002837,2863278126.530000,0.52929
购买商品、接受劳务支付的现金,2024-09-30,llb,002837,1911435936.870000,0.58767
支付给职工以及为职工支付的现金,2024-09-30,llb,002837,499460135.350000,0.32886
支付的各项税费,2024-09-30,llb,002837,108196915.910000,-0.06634
支付的其他与经营活动有关的现金,2024-09-30,llb,002837,187951442.060000,0.22576
经营活动现金流出小计,2024-09-30,llb,002837,2707044430.190000,0.46406
经营活动产生的现金流量净额,2024-09-30,llb,002837,156233696.340000,5.7091
取得投资收益收到的现金,2024-09-30,llb,002837,458944.440000,-0.75275
处置固定资产、无形资产和其他长期资产所收回的现金净额,2024-09-30,llb,002837,103992.000000,0.47318
收到的其他与投资活动有关的现金,2024-09-30,llb,002837,150000000.000000,-0.60386
投资活动现金流入小计,2024-09-30,llb,002837,150562936.440000,-0.60439
购建固定资产、无形资产和其他长期资产所支付的现金,2024-09-30,llb,002837,268271981.440000,0.83668
支付的其他与投资活动有关的现金,2024-09-30,llb,002837,130000000.000000,-0.58065
投资活动现金流出小计,2024-09-30,llb,002837,398271981.440000,-0.12672
投资活动产生的现金流量净额,2024-09-30,llb,002837,-247709045.000000,-2.28187
吸收投资收到的现金,2024-09-30,llb,002837,21711296.040000,-0.1897
子公司吸收少数股东投资收到的现金,2024-09-30,llb,002837,106667.000000,
取得借款收到的现金,2024-09-30,llb,002837,496200913.810000,0.10306
收到其他与筹资活动有关的现金,2024-09-30,llb,002837,68459052.240000,2.37295
筹资活动现金流入小计,2024-09-30,llb,002837,586371262.090000,0.17999
偿还债务支付的现金,2024-09-30,llb,002837,407900000.000000,-0.06251
分配股利、利润或偿付利息所支付的现金,2024-09-30,llb,002837,126471522.150000,0.32381
支付其他与筹资活动有关的现金,2024-09-30,llb,002837,82541421.170000,0.38863
筹资活动现金流出小计,2024-09-30,llb,002837,616912943.320000,0.04548
筹资活动产生的现金流量净额,2024-09-30,llb,002837,-30541681.230000,0.67211
汇率变动对现金及现金等价物的影响,2024-09-30,llb,002837,-2717157.280000,-1.30601
现金及现金等价物净增加额,2024-09-30,llb,002837,-124734187.170000,0.08592
期初现金及现金等价物余额,2024-09-30,llb,002837,815009070.700000,0.44778
期末现金及现金等价物余额,2024-09-30,llb,002837,690274883.530000,0.61854
销售商品、提供劳务收到的现金,2024-06-30,llb,002837,1719280339.850000,0.42718
收到的税费返还,2024-06-30,llb,002837,7757369.480000,-0.28733
收到的其他与经营活动有关的现金,2024-06-30,llb,002837,39805907.660000,0.05744
经营活动现金流入小计,2024-06-30,llb,002837,1766843616.990000,0.40986
购买商品、接受劳务支付的现金,2024-06-30,llb,002837,1274320932.590000,0.51896
支付给职工以及为职工支付的现金,2024-06-30,llb,002837,337120807.350000,0.31933
支付的各项税费,2024-06-30,llb,002837,82826574.690000,-0.02555
支付的其他与经营活动有关的现金,2024-06-30,llb,002837,118232443.580000,0.19427
经营活动现金流出小计,2024-06-30,llb,002837,1812500758.210000,0.41772
经营活动产生的现金流量净额,2024-06-30,llb,002837,-45657141.220000,-0.80727
收回投资所收到的现金,2024-06-30,llb,002837,0.000000,
取得投资收益收到的现金,2024-06-30,llb,002837,458944.440000,-0.75275
处置固定资产、无形资产和其他长期资产所收回的现金净额,2024-06-30,llb,002837,101000.000000,1.89606
处置子公司及其他营业单位收到的现金净额,2024-06-30,llb,002837,0.000000,
收到的其他与投资活动有关的现金,2024-06-30,llb,002837,150000000.000000,-0.4403
投资活动现金流入小计,2024-06-30,llb,002837,150559944.440000,-0.44215
购建固定资产、无形资产和其他长期资产所支付的现金,2024-06-30,llb,002837,173870651.400000,0.921
投资所支付的现金,2024-06-30,llb,002837,0.000000,
取得子公司及其他营业单位支付的现金净额,2024-06-30,llb,002837,0.000000,
支付的其他与投资活动有关的现金,2024-06-30,llb,002837,100000000.000000,-0.5
投资活动现金流出小计,2024-06-30,llb,002837,273870651.400000,-0.05728
投资活动产生的现金流量净额,2024-06-30,llb,002837,-123310706.960000,-4.98028
吸收投资收到的现金,2024-06-30,llb,002837,6659429.030000,
子公司吸收少数股东投资收到的现金,2024-06-30,llb,002837,106667.000000,
取得借款收到的现金,2024-06-30,llb,002837,367691437.990000,-0.16434
收到其他与筹资活动有关的现金,2024-06-30,llb,002837,47929668.580000,2.37557
筹资活动现金流入小计,2024-06-30,llb,002837,422280535.600000,-0.07027
偿还债务支付的现金,2024-06-30,llb,002837,323500000.000000,-0.15996
分配股利、利润或偿付利息所支付的现金,2024-06-30,llb,002837,122739753.050000,0.34913
支付其他与筹资活动有关的现金,2024-06-30,llb,002837,57558856.460000,0.51103
筹资活动现金流出小计,2024-06-30,llb,002837,503798609.510000,-0.02017
筹资活动产生的现金流量净额,2024-06-30,llb,002837,-81518073.910000,-0.35931
汇率变动对现金及现金等价物的影响,2024-06-30,llb,002837,3239581.920000,-0.56732
现金及现金等价物净增加额,2024-06-30,llb,002837,-247246340.170000,-1.51355
期初现金及现金等价物余额,2024-06-30,llb,002837,815009070.700000,0.44778
现金的期末余额,2024-06-30,llb,002837,567762730.530000,0.22212
现金的期初余额,2024-06-30,llb,002837,815009070.700000,0.44778
期末现金及现金等价物余额,2024-06-30,llb,002837,567762730.530000,0.22212
