artifact_id,artifact_type,path,created_by_skill,stage,required,exists,status,notes
art_001,workflow_state,reports/workflow_runs/wf_20260725_stock_first_002837_v1_policy_refresh/workflow_state.yaml,research-orchestrator,T10,true,true,current,canonical current-goal V1 state; sha256=2f2dd5e62b70d51b93d825c56c65637ad4fecbc9854e0334992df9986026b586; bytes=11910
art_002,run_log,reports/workflow_runs/wf_20260725_stock_first_002837_v1_policy_refresh/run_log.md,research-orchestrator,T10,true,true,current,exact offline refresh command and stage log; sha256=1adf4bc122827ef37ef6d3f707634da21dadad28d3ec500358c9686068323517; bytes=762
art_003,manifest,reports/workflow_runs/wf_20260725_stock_first_002837_v1_policy_refresh/artifact_manifest.csv,research-orchestrator,T10,true,true,current,current run artifact index; self-manifest; recursive self-hash intentionally omitted
art_004,open_todos,reports/workflow_runs/wf_20260725_stock_first_002837_v1_policy_refresh/open_todos.csv,research-orchestrator,T10,true,true,current,four visible nonblocking research limitations; sha256=a8fcfab494676fe033add4cea3a87a2895284d61a9aa98f6a96b005626f5c2b0; bytes=2039
art_005,quality_gate_report,reports/workflow_runs/wf_20260725_stock_first_002837_v1_policy_refresh/quality_gate_report.md,quality-review,T9,true,true,current,canonical G0-G10 automatic quality snapshot; sha256=3d01909e91dddcf9510bc5e9c5020cec60299a14b1452b7cee91064729b06c8b; bytes=1429
art_006,readout,reports/workflow_runs/wf_20260725_stock_first_002837_v1_policy_refresh/workflow_readout.md,research-orchestrator,T10,true,true,current,canonical policy-refresh readout; sha256=7996fa96bc7450a0733c131cce47c0cad374835939aae653e40b5f46333d1c2d; bytes=1303
art_007,input_provenance,reports/workflow_runs/wf_20260725_stock_first_002837_v1_policy_refresh/inputs/input_provenance.csv,evidence-ingest,T1,true,true,current,four hash-bound official input files; sha256=e79f6581de4d671fe204d4d63dd76cf75f22743fb2f8a899e61dcd08c4c00914; bytes=2643
art_008,disclosed_facts,reports/workflow_runs/wf_20260725_stock_first_002837_v1_policy_refresh/research/disclosed_facts.yaml,evidence-ingest,T2,true,true,current,page-located official facts and one bounded inference; sha256=9898223f751ec9c01535075a11a92821902ab6b9c2e1ba35b919991cccd05a13; bytes=7098
art_009,limitations,reports/workflow_runs/wf_20260725_stock_first_002837_v1_policy_refresh/research/limitations.yaml,stock-deep-dive,T7,true,true,current,unknowns and prohibited calculations; sha256=36326825494a9e5d2f2e1570e7137db3d6198ec96008d90c7fd3b57f90af6632; bytes=1788
art_010,issue_change_log,reports/workflow_runs/wf_20260725_stock_first_002837_v1_policy_refresh/research/issue_change_log.csv,refresh-research,T9,true,true,current,four historical issue policy reclassifications; sha256=0664a1e8de19fc6a535354755f53d2d602df341876efd5cc41a89b0c219c6efe; bytes=1620
art_011,stock_research_pack,reports/workflow_runs/wf_20260725_stock_first_002837_v1_policy_refresh/research/stock_research_pack.yaml,stock-deep-dive,T7,true,true,current,run-scoped disclosure-first research pack; sha256=6af236322a4b069d44f02b76207cd22c8ae958bdf0b471a3ccc479fba8ce3185; bytes=9695
art_012,segment_exposure,reports/workflow_runs/wf_20260725_stock_first_002837_v1_policy_refresh/research/segment_exposure.yaml,segment-company-mapping,T6,true,true,current,lower-bound liquid exposure with explicit allocation gaps; sha256=5a017db5f257098abb6fbf5aa2d059301f2ced521ba74f9973c238ac0e3292a2; bytes=1929
art_013,report,reports/workflow_runs/wf_20260725_stock_first_002837_v1_policy_refresh/research/stock_report_draft.md,stock-deep-dive,T7,true,true,current,gap-visible automatic report draft; sha256=b1bf28abed4eee83c6c58ca1d9755cae413116b29d918245ba97f3fb08da92da; bytes=2176
art_014,backflow_decision,reports/workflow_runs/wf_20260725_stock_first_002837_v1_policy_refresh/research/backflow_decision.yaml,segment-company-mapping,T8,true,true,current,run-scoped exposure update; no global mutation; sha256=0a419b33ebc6e76c2e3021d4edfe0553f418e6f21bc7941a9282c48b5bfcf033; bytes=695
art_015,artifact_hashes,reports/workflow_runs/wf_20260725_stock_first_002837_v1_policy_refresh/validation/artifact_hashes.csv,research-orchestrator,T10,true,true,current,non-recursive generated-artifact hash index; sha256=beeacb161f5c7a9c937d840b2a02eb3e4e0371022d7405d563726cae0917be0f; bytes=2738
art_016,replay_receipt,reports/workflow_runs/wf_20260725_stock_first_002837_v1_policy_refresh/validation/replay_receipt.yaml,research-orchestrator,T10,true,true,current,offline source and semantic receipt; sha256=9b65ce627deb7281465a16988aa81ae0cda349911cb6d432923de66493901241; bytes=897
art_017,idempotence_report,reports/workflow_runs/wf_20260725_stock_first_002837_v1_policy_refresh/validation/idempotence_report.yaml,research-orchestrator,T10,true,true,current,two-pass byte comparison; sha256=096029ef17dc33a785e37f8fe0f0a3a97d0d971a2e55657b8b9779d1122ff214; bytes=736
